rental_id,rental_date,inventory_id,customer_id,return_date,staff_id,last_update
1,2005-05-24,367,130,2005-05-26,1,2005-05-24
2,2005-05-24,1525,459,2005-05-28,1,2005-05-24
3,2005-05-24,1711,408,2005-06-01,1,2005-05-24
4,2005-05-24,2452,333,2005-06-03,2,2005-05-24
5,2005-05-24,2079,222,2005-06-02,1,2005-05-24
6,2005-05-24,2792,549,2005-05-27,1,2005-05-24
7,2005-05-24,3995,269,2005-05-29,2,2005-05-24
8,2005-05-24,2346,239,2005-05-27,2,2005-05-24
9,2005-05-25,2580,126,2005-05-28,1,2005-05-25
10,2005-05-25,1824,399,2005-05-31,2,2005-05-25
11,2005-05-25,4443,142,2005-06-02,2,2005-05-25
12,2005-05-25,1584,261,2005-05-30,2,2005-05-25
13,2005-05-25,2294,334,2005-05-30,1,2005-05-25
14,2005-05-25,2701,446,2005-05-26,1,2005-05-25
15,2005-05-25,3049,319,2005-06-03,1,2005-05-25
16,2005-05-25,389,316,2005-05-26,2,2005-05-25
17,2005-05-25,830,575,2005-05-27,1,2005-05-25
18,2005-05-25,3376,19,2005-05-31,2,2005-05-25
19,2005-05-25,1941,456,2005-05-31,1,2005-05-25
20,2005-05-25,3517,185,2005-05-27,2,2005-05-25
21,2005-05-25,146,388,2005-05-26,2,2005-05-25
22,2005-05-25,727,509,2005-05-26,2,2005-05-25
23,2005-05-25,4441,438,2005-05-29,1,2005-05-25
24,2005-05-25,3273,350,2005-05-27,1,2005-05-25
25,2005-05-25,3961,37,2005-05-27,2,2005-05-25
26,2005-05-25,4371,371,2005-05-31,1,2005-05-25
27,2005-05-25,1225,301,2005-05-30,2,2005-05-25
28,2005-05-25,4068,232,2005-05-26,2,2005-05-25
29,2005-05-25,611,44,2005-05-30,2,2005-05-25
30,2005-05-25,3744,430,2005-05-30,1,2005-05-25
31,2005-05-25,4482,369,2005-05-30,1,2005-05-25
32,2005-05-25,3832,230,2005-05-25,1,2005-05-25
33,2005-05-25,1681,272,2005-05-27,1,2005-05-25
34,2005-05-25,2613,597,2005-05-29,2,2005-05-25
35,2005-05-25,1286,484,2005-05-27,2,2005-05-25
36,2005-05-25,1308,88,2005-05-29,1,2005-05-25
37,2005-05-25,403,535,2005-05-29,1,2005-05-25
38,2005-05-25,2540,302,2005-06-01,1,2005-05-25
39,2005-05-25,4466,207,2005-05-31,2,2005-05-25
40,2005-05-25,2638,413,2005-05-27,1,2005-05-25
41,2005-05-25,1761,174,2005-06-02,1,2005-05-25
42,2005-05-25,380,523,2005-05-31,2,2005-05-25
43,2005-05-25,2578,532,2005-05-26,2,2005-05-25
44,2005-05-25,3098,207,2005-05-29,2,2005-05-25
45,2005-05-25,1853,436,2005-06-02,2,2005-05-25
46,2005-05-25,3318,7,2005-06-02,2,2005-05-25
47,2005-05-25,2211,35,2005-05-30,1,2005-05-25
48,2005-05-25,1780,282,2005-06-02,1,2005-05-25
49,2005-05-25,2965,498,2005-05-30,2,2005-05-25
50,2005-05-25,1983,18,2005-05-28,2,2005-05-25
51,2005-05-25,1257,256,2005-05-26,1,2005-05-25
52,2005-05-25,4017,507,2005-05-31,2,2005-05-25
53,2005-05-25,1255,569,2005-05-27,2,2005-05-25
54,2005-05-25,2787,291,2005-06-01,2,2005-05-25
55,2005-05-25,1139,131,2005-05-30,1,2005-05-25
56,2005-05-25,1352,511,2005-05-26,1,2005-05-25
57,2005-05-25,3938,6,2005-05-29,2,2005-05-25
58,2005-05-25,3050,323,2005-05-28,1,2005-05-25
59,2005-05-25,2884,408,2005-06-01,1,2005-05-25
60,2005-05-25,330,470,2005-05-30,1,2005-05-25
61,2005-05-25,4210,250,2005-06-02,2,2005-05-25
62,2005-05-25,261,419,2005-05-30,1,2005-05-25
63,2005-05-25,4008,383,2005-05-27,1,2005-05-25
64,2005-05-25,79,368,2005-06-03,1,2005-05-25
65,2005-05-25,3552,346,2005-05-29,1,2005-05-25
66,2005-05-25,1162,86,2005-05-29,2,2005-05-25
67,2005-05-25,239,119,2005-05-27,2,2005-05-25
68,2005-05-25,4029,120,2005-05-31,2,2005-05-25
69,2005-05-25,3207,305,2005-05-27,2,2005-05-25
70,2005-05-25,2168,73,2005-05-27,2,2005-05-25
71,2005-05-25,2408,100,2005-05-28,1,2005-05-25
72,2005-05-25,2260,48,2005-05-28,2,2005-05-25
73,2005-05-25,517,391,2005-06-01,2,2005-05-25
74,2005-05-25,1744,265,2005-05-26,2,2005-05-25
75,2005-05-25,3393,510,2005-06-03,1,2005-05-25
76,2005-05-25,3021,1,2005-06-03,2,2005-05-25
77,2005-05-25,1303,451,2005-05-26,2,2005-05-25
78,2005-05-25,4067,135,2005-05-31,2,2005-05-25
79,2005-05-25,3299,245,2005-06-03,2,2005-05-25
80,2005-05-25,2478,314,2005-05-31,2,2005-05-25
81,2005-05-25,2610,286,2005-06-02,2,2005-05-25
82,2005-05-25,1388,427,2005-06-01,1,2005-05-25
83,2005-05-25,466,131,2005-05-27,1,2005-05-25
84,2005-05-25,1829,492,2005-05-29,1,2005-05-25
85,2005-05-25,470,414,2005-05-29,1,2005-05-25
86,2005-05-25,2275,266,2005-05-30,1,2005-05-25
87,2005-05-25,1586,331,2005-05-29,2,2005-05-25
88,2005-05-25,2221,53,2005-05-29,2,2005-05-25
89,2005-05-25,2181,499,2005-05-29,1,2005-05-25
90,2005-05-25,2984,25,2005-06-01,1,2005-05-25
91,2005-05-25,139,267,2005-06-01,1,2005-05-25
92,2005-05-25,775,302,2005-05-31,2,2005-05-25
93,2005-05-25,4360,288,2005-06-03,1,2005-05-25
94,2005-05-25,1675,197,2005-05-30,1,2005-05-25
95,2005-05-25,178,400,2005-06-02,2,2005-05-25
96,2005-05-25,3418,49,2005-05-30,2,2005-05-25
97,2005-05-25,1283,263,2005-05-28,2,2005-05-25
98,2005-05-25,2970,269,2005-05-27,2,2005-05-25
99,2005-05-25,535,44,2005-05-28,1,2005-05-25
100,2005-05-25,2599,208,2005-06-02,1,2005-05-25
101,2005-05-25,617,468,2005-05-31,1,2005-05-25
102,2005-05-25,373,343,2005-05-31,1,2005-05-25
103,2005-05-25,3343,384,2005-06-03,1,2005-05-25
104,2005-05-25,4281,310,2005-05-27,1,2005-05-25
105,2005-05-25,794,108,2005-05-30,2,2005-05-25
106,2005-05-25,3627,196,2005-06-04,2,2005-05-25
107,2005-05-25,2833,317,2005-06-03,2,2005-05-25
108,2005-05-25,3289,242,2005-05-30,1,2005-05-25
109,2005-05-25,1044,503,2005-05-29,2,2005-05-25
110,2005-05-25,4108,19,2005-06-03,2,2005-05-25
111,2005-05-25,3725,227,2005-05-28,1,2005-05-25
112,2005-05-25,2153,500,2005-06-02,1,2005-05-25
113,2005-05-25,2963,93,2005-05-27,2,2005-05-25
114,2005-05-25,4502,506,2005-06-01,1,2005-05-25
115,2005-05-25,749,455,2005-05-29,1,2005-05-25
116,2005-05-25,4453,18,2005-05-26,1,2005-05-25
117,2005-05-25,4278,7,2005-05-31,2,2005-05-25
118,2005-05-25,872,524,2005-05-31,1,2005-05-25
119,2005-05-25,1359,51,2005-05-29,2,2005-05-25
120,2005-05-25,37,365,2005-06-01,2,2005-05-25
121,2005-05-25,1053,405,2005-05-29,1,2005-05-25
122,2005-05-25,2908,273,2005-06-02,1,2005-05-25
123,2005-05-25,1795,43,2005-05-26,1,2005-05-25
124,2005-05-25,212,246,2005-05-30,2,2005-05-25
125,2005-05-25,952,368,2005-06-02,1,2005-05-25
126,2005-05-25,2047,439,2005-05-28,1,2005-05-25
127,2005-05-25,2026,94,2005-06-02,1,2005-05-25
128,2005-05-25,4322,40,2005-05-29,1,2005-05-25
129,2005-05-25,4154,23,2005-06-04,2,2005-05-25
130,2005-05-25,3990,56,2005-05-30,2,2005-05-25
131,2005-05-25,815,325,2005-05-30,2,2005-05-25
132,2005-05-25,3367,479,2005-05-31,1,2005-05-25
133,2005-05-25,399,237,2005-05-30,2,2005-05-25
134,2005-05-25,2272,222,2005-06-02,1,2005-05-25
135,2005-05-25,103,304,2005-06-03,1,2005-05-25
136,2005-05-25,2296,504,2005-05-31,1,2005-05-25
137,2005-05-25,2591,560,2005-06-01,2,2005-05-25
138,2005-05-25,4134,586,2005-05-29,2,2005-05-25
139,2005-05-25,327,257,2005-05-29,1,2005-05-25
140,2005-05-25,655,354,2005-05-27,1,2005-05-25
141,2005-05-25,811,89,2005-06-02,1,2005-05-25
142,2005-05-25,4407,472,2005-05-29,2,2005-05-25
143,2005-05-25,847,297,2005-05-27,2,2005-05-25
144,2005-05-25,1689,357,2005-06-01,2,2005-05-25
145,2005-05-25,3905,82,2005-05-31,1,2005-05-25
146,2005-05-26,1431,433,2005-06-04,2,2005-05-26
147,2005-05-26,633,274,2005-05-29,2,2005-05-26
148,2005-05-26,4252,142,2005-06-01,2,2005-05-26
149,2005-05-26,1084,319,2005-06-02,2,2005-05-26
150,2005-05-26,909,429,2005-06-01,2,2005-05-26
151,2005-05-26,2942,14,2005-05-30,1,2005-05-26
152,2005-05-26,2622,57,2005-06-03,1,2005-05-26
153,2005-05-26,3888,348,2005-05-27,1,2005-05-26
154,2005-05-26,1354,185,2005-05-29,2,2005-05-26
155,2005-05-26,288,551,2005-06-01,1,2005-05-26
156,2005-05-26,3193,462,2005-05-27,1,2005-05-26
157,2005-05-26,887,344,2005-05-26,2,2005-05-26
158,2005-05-26,2395,354,2005-06-03,2,2005-05-26
159,2005-05-26,3453,505,2005-05-29,1,2005-05-26
160,2005-05-26,1885,290,2005-06-01,1,2005-05-26
161,2005-05-26,2941,182,2005-05-27,1,2005-05-26
162,2005-05-26,1229,296,2005-05-27,2,2005-05-26
163,2005-05-26,2306,104,2005-06-04,1,2005-05-26
164,2005-05-26,1070,151,2005-05-28,1,2005-05-26
165,2005-05-26,2735,33,2005-06-02,1,2005-05-26
166,2005-05-26,3894,322,2005-05-31,1,2005-05-26
167,2005-05-26,865,401,2005-05-27,1,2005-05-26
168,2005-05-26,2714,469,2005-06-02,2,2005-05-26
169,2005-05-26,1758,381,2005-05-27,2,2005-05-26
170,2005-05-26,3688,107,2005-06-02,1,2005-05-26
171,2005-05-26,4483,400,2005-06-03,2,2005-05-26
172,2005-05-26,2873,176,2005-05-29,2,2005-05-26
173,2005-05-26,3596,533,2005-05-28,2,2005-05-26
174,2005-05-26,3954,552,2005-05-28,2,2005-05-26
175,2005-05-26,4346,47,2005-06-03,2,2005-05-26
176,2005-05-26,851,250,2005-06-01,2,2005-05-26
177,2005-05-26,3545,548,2005-06-01,2,2005-05-26
178,2005-05-26,1489,196,2005-06-04,2,2005-05-26
179,2005-05-26,2575,19,2005-06-03,1,2005-05-26
180,2005-05-26,2752,75,2005-06-01,1,2005-05-26
181,2005-05-26,2417,587,2005-05-29,2,2005-05-26
182,2005-05-26,4396,237,2005-06-01,2,2005-05-26
183,2005-05-26,2877,254,2005-06-01,1,2005-05-26
184,2005-05-26,1970,556,2005-05-28,1,2005-05-26
185,2005-05-26,2598,125,2005-06-02,2,2005-05-26
186,2005-05-26,1799,468,2005-06-03,2,2005-05-26
187,2005-05-26,4004,515,2005-06-04,1,2005-05-26
188,2005-05-26,3342,243,2005-05-26,1,2005-05-26
189,2005-05-26,984,247,2005-05-27,1,2005-05-26
190,2005-05-26,3962,533,2005-06-01,1,2005-05-26
191,2005-05-26,4365,412,2005-05-28,1,2005-05-26
192,2005-05-26,1897,437,2005-06-02,1,2005-05-26
193,2005-05-26,3900,270,2005-05-30,2,2005-05-26
194,2005-05-26,1337,29,2005-05-30,2,2005-05-26
195,2005-05-26,506,564,2005-05-31,2,2005-05-26
196,2005-05-26,190,184,2005-05-27,1,2005-05-26
197,2005-05-26,4212,546,2005-06-03,2,2005-05-26
198,2005-05-26,1789,54,2005-06-04,1,2005-05-26
199,2005-05-26,2135,71,2005-05-28,1,2005-05-26
200,2005-05-26,3926,321,2005-05-31,1,2005-05-26
201,2005-05-26,776,444,2005-06-04,2,2005-05-26
202,2005-05-26,674,20,2005-06-02,1,2005-05-26
203,2005-05-26,3374,109,2005-06-03,1,2005-05-26
204,2005-05-26,1842,528,2005-05-30,1,2005-05-26
205,2005-05-26,303,114,2005-05-29,2,2005-05-26
206,2005-05-26,1717,345,2005-05-27,1,2005-05-26
207,2005-05-26,102,47,2005-05-27,2,2005-05-26
208,2005-05-26,3669,274,2005-05-27,1,2005-05-26
209,2005-05-26,729,379,2005-05-27,1,2005-05-26
210,2005-05-26,1801,391,2005-05-27,2,2005-05-26
211,2005-05-26,4005,170,2005-05-28,1,2005-05-26
212,2005-05-26,764,59,2005-05-30,2,2005-05-26
213,2005-05-26,1505,394,2005-05-31,2,2005-05-26
214,2005-05-26,1453,98,2005-05-31,2,2005-05-26
215,2005-05-26,679,197,2005-05-28,2,2005-05-26
216,2005-05-26,1398,91,2005-06-03,1,2005-05-26
217,2005-05-26,4395,121,2005-05-31,2,2005-05-26
218,2005-05-26,2291,309,2005-06-04,2,2005-05-26
219,2005-05-26,3074,489,2005-05-28,1,2005-05-26
220,2005-05-26,1259,542,2005-06-01,1,2005-05-26
221,2005-05-26,3578,143,2005-05-29,1,2005-05-26
222,2005-05-26,2745,83,2005-05-31,2,2005-05-26
223,2005-05-26,3121,460,2005-05-30,1,2005-05-26
224,2005-05-26,4285,318,2005-06-04,1,2005-05-26
225,2005-05-26,651,467,2005-06-01,2,2005-05-26
226,2005-05-26,4181,221,2005-05-31,2,2005-05-26
227,2005-05-26,214,301,2005-05-30,1,2005-05-26
228,2005-05-26,511,571,2005-06-04,1,2005-05-26
229,2005-05-26,1131,312,2005-05-31,2,2005-05-26
230,2005-05-26,1085,58,2005-05-30,1,2005-05-26
231,2005-05-26,4032,365,2005-05-27,1,2005-05-26
232,2005-05-26,2945,256,2005-05-27,2,2005-05-26
233,2005-05-26,715,531,2005-05-28,2,2005-05-26
234,2005-05-26,1321,566,2005-06-03,2,2005-05-26
235,2005-05-26,3537,119,2005-06-04,1,2005-05-26
236,2005-05-26,1265,446,2005-05-28,1,2005-05-26
237,2005-05-26,241,536,2005-05-29,1,2005-05-26
238,2005-05-26,503,211,2005-05-27,1,2005-05-26
239,2005-05-26,131,49,2005-06-01,2,2005-05-26
240,2005-05-26,3420,103,2005-06-04,1,2005-05-26
241,2005-05-26,4438,245,2005-05-28,2,2005-05-26
242,2005-05-26,2095,214,2005-06-02,1,2005-05-26
243,2005-05-26,1721,543,2005-06-03,2,2005-05-26
244,2005-05-26,1041,257,2005-05-31,1,2005-05-26
245,2005-05-26,3045,158,2005-05-27,2,2005-05-26
246,2005-05-26,2829,240,2005-05-29,2,2005-05-26
247,2005-05-26,4095,102,2005-05-28,2,2005-05-26
248,2005-05-26,1913,545,2005-05-31,2,2005-05-26
249,2005-05-26,2428,472,2005-05-28,2,2005-05-26
250,2005-05-26,368,539,2005-05-27,1,2005-05-26
251,2005-05-26,4352,204,2005-05-29,1,2005-05-26
252,2005-05-26,1203,187,2005-06-02,1,2005-05-26
253,2005-05-26,2969,416,2005-05-27,1,2005-05-26
254,2005-05-26,1835,390,2005-05-31,2,2005-05-26
255,2005-05-26,3264,114,2005-05-27,1,2005-05-26
256,2005-05-26,3194,436,2005-05-31,1,2005-05-26
257,2005-05-26,2570,373,2005-05-29,2,2005-05-26
258,2005-05-26,3534,502,2005-05-30,2,2005-05-26
259,2005-05-26,30,482,2005-06-04,2,2005-05-26
260,2005-05-26,435,21,2005-05-31,2,2005-05-26
261,2005-05-26,1369,414,2005-06-02,2,2005-05-26
262,2005-05-26,4261,236,2005-05-28,2,2005-05-26
263,2005-05-26,1160,449,2005-05-30,2,2005-05-26
264,2005-05-26,2069,251,2005-05-27,2,2005-05-26
265,2005-05-26,2276,303,2005-06-01,1,2005-05-26
266,2005-05-26,3303,263,2005-05-27,2,2005-05-26
267,2005-05-26,1206,417,2005-05-30,2,2005-05-26
268,2005-05-26,1714,75,2005-05-27,1,2005-05-26
269,2005-05-26,3501,322,2005-05-27,2,2005-05-26
270,2005-05-26,207,200,2005-06-03,2,2005-05-26
271,2005-05-26,2388,92,2005-06-03,2,2005-05-26
272,2005-05-26,971,71,2005-06-03,2,2005-05-26
273,2005-05-26,1590,193,2005-05-29,2,2005-05-26
274,2005-05-26,656,311,2005-06-03,1,2005-05-26
275,2005-05-26,1718,133,2005-06-04,1,2005-05-26
276,2005-05-26,1221,58,2005-06-03,1,2005-05-26
277,2005-05-26,1409,45,2005-05-28,1,2005-05-26
278,2005-05-26,182,214,2005-06-02,2,2005-05-26
279,2005-05-26,661,384,2005-06-03,2,2005-05-26
280,2005-05-26,1896,167,2005-05-27,1,2005-05-26
281,2005-05-26,1208,582,2005-05-27,2,2005-05-26
282,2005-05-26,4486,282,2005-06-01,2,2005-05-26
283,2005-05-26,3530,242,2005-05-31,1,2005-05-26
284,2005-05-26,350,359,2005-06-04,2,2005-05-26
285,2005-05-26,2486,162,2005-05-31,2,2005-05-26
286,2005-05-26,314,371,2005-06-04,2,2005-05-26
287,2005-05-26,3631,17,2005-06-02,1,2005-05-26
288,2005-05-26,3546,82,2005-06-03,2,2005-05-26
289,2005-05-26,2449,81,2005-05-28,1,2005-05-26
290,2005-05-26,2776,429,2005-05-30,1,2005-05-26
291,2005-05-26,485,577,2005-06-03,2,2005-05-26
292,2005-05-26,4264,515,2005-06-05,1,2005-05-26
293,2005-05-26,1828,158,2005-06-03,2,2005-05-26
294,2005-05-26,2751,369,2005-05-28,1,2005-05-26
295,2005-05-26,4030,65,2005-05-27,2,2005-05-26
296,2005-05-26,3878,468,2005-06-04,2,2005-05-26
297,2005-05-26,1594,48,2005-05-27,2,2005-05-26
298,2005-05-26,1083,460,2005-05-29,2,2005-05-26
299,2005-05-26,4376,448,2005-05-28,2,2005-05-26
300,2005-05-26,249,47,2005-06-05,2,2005-05-26
301,2005-05-26,3448,274,2005-06-01,2,2005-05-26
302,2005-05-26,2921,387,2005-06-03,2,2005-05-26
303,2005-05-26,1111,596,2005-05-27,2,2005-05-26
304,2005-05-26,1701,534,2005-06-02,1,2005-05-26
305,2005-05-26,2665,464,2005-06-02,2,2005-05-26
306,2005-05-26,2781,547,2005-05-28,1,2005-05-26
307,2005-05-26,1097,375,2005-06-04,1,2005-05-26
308,2005-05-26,187,277,2005-06-04,2,2005-05-26
309,2005-05-26,1946,251,2005-06-02,2,2005-05-26
310,2005-05-26,593,409,2005-06-02,1,2005-05-26
311,2005-05-26,2830,201,2005-06-01,1,2005-05-26
312,2005-05-26,2008,143,2005-06-02,2,2005-05-26
313,2005-05-26,4156,594,2005-05-29,2,2005-05-26
314,2005-05-26,2851,203,2005-05-28,2,2005-05-26
315,2005-05-26,2847,238,2005-05-29,1,2005-05-26
316,2005-05-26,3828,249,2005-05-29,2,2005-05-26
317,2005-05-26,26,391,2005-06-01,2,2005-05-26
318,2005-05-26,2559,60,2005-06-03,2,2005-05-26
319,2005-05-26,3024,77,2005-05-30,1,2005-05-26
320,2005-05-27,1090,2,2005-05-28,2,2005-05-27
322,2005-05-27,4556,496,2005-06-02,1,2005-05-27
323,2005-05-27,2362,144,2005-05-30,1,2005-05-27
324,2005-05-27,3364,292,2005-05-30,1,2005-05-27
325,2005-05-27,2510,449,2005-05-31,2,2005-05-27
326,2005-05-27,3979,432,2005-06-04,2,2005-05-27
327,2005-05-27,2678,105,2005-06-04,1,2005-05-27
328,2005-05-27,2524,451,2005-06-01,1,2005-05-27
329,2005-05-27,2659,231,2005-05-31,2,2005-05-27
330,2005-05-27,1536,248,2005-06-04,2,2005-05-27
331,2005-05-27,1872,67,2005-06-05,1,2005-05-27
332,2005-05-27,1529,299,2005-06-03,2,2005-05-27
333,2005-05-27,4001,412,2005-06-01,2,2005-05-27
334,2005-05-27,3973,194,2005-05-29,1,2005-05-27
335,2005-05-27,1411,16,2005-06-05,2,2005-05-27
336,2005-05-27,1811,275,2005-05-29,1,2005-05-27
337,2005-05-27,751,19,2005-06-02,1,2005-05-27
338,2005-05-27,2596,165,2005-06-01,2,2005-05-27
339,2005-05-27,2410,516,2005-06-04,2,2005-05-27
340,2005-05-27,946,209,2005-06-04,2,2005-05-27
341,2005-05-27,4168,56,2005-06-05,1,2005-05-27
342,2005-05-27,4019,539,2005-05-29,2,2005-05-27
343,2005-05-27,3301,455,2005-05-28,1,2005-05-27
344,2005-05-27,2327,236,2005-05-29,2,2005-05-27
345,2005-05-27,1396,144,2005-05-31,1,2005-05-27
346,2005-05-27,4319,14,2005-06-05,2,2005-05-27
347,2005-05-27,1625,378,2005-05-28,2,2005-05-27
348,2005-05-27,1825,473,2005-06-01,1,2005-05-27
349,2005-05-27,2920,36,2005-05-28,2,2005-05-27
350,2005-05-27,2756,9,2005-06-04,2,2005-05-27
351,2005-05-27,3371,118,2005-06-01,1,2005-05-27
352,2005-05-27,4369,157,2005-05-29,1,2005-05-27
353,2005-05-27,3989,503,2005-06-03,2,2005-05-27
354,2005-05-27,2058,452,2005-06-01,1,2005-05-27
355,2005-05-27,141,446,2005-06-01,2,2005-05-27
356,2005-05-27,2868,382,2005-05-30,2,2005-05-27
357,2005-05-27,4417,198,2005-05-30,2,2005-05-27
358,2005-05-27,1925,102,2005-05-29,2,2005-05-27
359,2005-05-27,1156,152,2005-05-29,1,2005-05-27
360,2005-05-27,3489,594,2005-06-03,1,2005-05-27
361,2005-05-27,6,587,2005-05-31,1,2005-05-27
362,2005-05-27,2324,147,2005-06-01,1,2005-05-27
363,2005-05-27,4282,345,2005-05-28,2,2005-05-27
364,2005-05-27,833,430,2005-05-31,2,2005-05-27
365,2005-05-27,2887,167,2005-06-04,1,2005-05-27
366,2005-05-27,360,134,2005-06-04,2,2005-05-27
367,2005-05-27,3437,439,2005-05-30,2,2005-05-27
368,2005-05-27,1247,361,2005-06-04,2,2005-05-27
369,2005-05-27,944,508,2005-06-01,2,2005-05-27
370,2005-05-27,3347,22,2005-06-05,2,2005-05-27
371,2005-05-27,1235,295,2005-06-05,2,2005-05-27
372,2005-05-27,4089,510,2005-06-04,2,2005-05-27
373,2005-05-27,1649,464,2005-06-01,1,2005-05-27
374,2005-05-27,4420,337,2005-06-05,1,2005-05-27
375,2005-05-27,1815,306,2005-06-04,1,2005-05-27
376,2005-05-27,3197,542,2005-06-02,1,2005-05-27
377,2005-05-27,3012,170,2005-06-02,2,2005-05-27
378,2005-05-27,2242,53,2005-05-29,1,2005-05-27
379,2005-05-27,3462,584,2005-06-02,1,2005-05-27
380,2005-05-27,1777,176,2005-06-04,1,2005-05-27
381,2005-05-27,2748,371,2005-05-31,1,2005-05-27
382,2005-05-27,4358,183,2005-05-31,1,2005-05-27
383,2005-05-27,955,298,2005-06-03,1,2005-05-27
384,2005-05-27,910,371,2005-06-02,2,2005-05-27
385,2005-05-27,1565,213,2005-05-30,2,2005-05-27
386,2005-05-27,1288,109,2005-05-30,1,2005-05-27
387,2005-05-27,2684,506,2005-06-01,2,2005-05-27
388,2005-05-27,434,28,2005-05-30,1,2005-05-27
389,2005-05-27,691,500,2005-06-05,2,2005-05-27
390,2005-05-27,3759,48,2005-06-02,2,2005-05-27
391,2005-05-27,2193,197,2005-06-01,2,2005-05-27
392,2005-05-27,263,359,2005-06-01,2,2005-05-27
393,2005-05-27,145,251,2005-05-28,2,2005-05-27
394,2005-05-27,1890,274,2005-06-03,2,2005-05-27
395,2005-05-27,752,575,2005-05-31,1,2005-05-27
396,2005-05-27,1020,112,2005-05-29,1,2005-05-27
397,2005-05-27,4193,544,2005-05-28,2,2005-05-27
398,2005-05-27,1686,422,2005-06-02,1,2005-05-27
399,2005-05-27,553,204,2005-05-29,1,2005-05-27
400,2005-05-27,258,249,2005-05-31,2,2005-05-27
401,2005-05-27,2179,46,2005-05-29,2,2005-05-27
402,2005-05-27,461,354,2005-05-30,2,2005-05-27
403,2005-05-27,3983,424,2005-05-29,2,2005-05-27
404,2005-05-27,1293,168,2005-05-30,1,2005-05-27
405,2005-05-27,4090,272,2005-06-05,2,2005-05-27
406,2005-05-27,2136,381,2005-05-30,1,2005-05-27
407,2005-05-27,1077,44,2005-05-31,1,2005-05-27
408,2005-05-27,1438,84,2005-05-28,1,2005-05-27
409,2005-05-27,3652,220,2005-06-02,2,2005-05-27
410,2005-05-27,4010,506,2005-06-02,2,2005-05-27
411,2005-05-27,1434,388,2005-06-03,1,2005-05-27
412,2005-05-27,1400,375,2005-05-29,2,2005-05-27
413,2005-05-27,3516,307,2005-06-03,1,2005-05-27
414,2005-05-27,1019,219,2005-05-31,2,2005-05-27
415,2005-05-27,3698,304,2005-05-28,2,2005-05-27
416,2005-05-27,2371,222,2005-05-29,2,2005-05-27
417,2005-05-27,2253,475,2005-05-29,2,2005-05-27
418,2005-05-27,3063,151,2005-06-04,2,2005-05-27
419,2005-05-27,2514,77,2005-06-02,1,2005-05-27
420,2005-05-27,619,93,2005-06-03,2,2005-05-27
421,2005-05-27,2985,246,2005-06-04,2,2005-05-27
422,2005-05-27,1152,150,2005-06-01,2,2005-05-27
423,2005-05-27,1783,284,2005-06-02,1,2005-05-27
424,2005-05-27,2815,35,2005-06-05,1,2005-05-27
425,2005-05-27,1518,182,2005-06-03,2,2005-05-27
426,2005-05-27,1103,522,2005-06-05,1,2005-05-27
427,2005-05-27,1677,288,2005-06-05,2,2005-05-27
428,2005-05-27,3349,161,2005-05-31,2,2005-05-27
429,2005-05-27,129,498,2005-06-05,2,2005-05-27
430,2005-05-27,1920,190,2005-06-05,1,2005-05-27
431,2005-05-27,4507,334,2005-06-05,1,2005-05-27
432,2005-05-27,1119,46,2005-05-29,1,2005-05-27
433,2005-05-27,4364,574,2005-05-30,2,2005-05-27
434,2005-05-27,3360,246,2005-06-04,1,2005-05-27
435,2005-05-27,3328,3,2005-06-02,2,2005-05-27
436,2005-05-27,4317,267,2005-05-30,2,2005-05-27
437,2005-05-27,1800,525,2005-06-05,2,2005-05-27
438,2005-05-27,4260,249,2005-06-05,2,2005-05-27
439,2005-05-27,354,319,2005-06-02,2,2005-05-27
440,2005-05-27,4452,314,2005-05-29,1,2005-05-27
441,2005-05-27,1578,54,2005-05-30,1,2005-05-27
442,2005-05-27,1457,403,2005-05-30,2,2005-05-27
443,2005-05-27,2021,547,2005-06-04,1,2005-05-27
444,2005-05-27,723,239,2005-06-01,1,2005-05-27
445,2005-05-27,1757,293,2005-05-30,2,2005-05-27
446,2005-05-27,1955,401,2005-06-03,2,2005-05-27
447,2005-05-27,3890,133,2005-06-05,1,2005-05-27
448,2005-05-27,2671,247,2005-06-03,2,2005-05-27
449,2005-05-27,2469,172,2005-06-04,2,2005-05-27
450,2005-05-27,1343,247,2005-06-05,1,2005-05-27
451,2005-05-27,205,87,2005-05-29,2,2005-05-27
452,2005-05-27,2993,127,2005-05-30,2,2005-05-27
453,2005-05-27,4425,529,2005-05-29,1,2005-05-27
454,2005-05-27,3499,575,2005-05-30,1,2005-05-27
455,2005-05-27,3344,343,2005-06-04,2,2005-05-27
456,2005-05-27,1699,92,2005-06-02,1,2005-05-27
457,2005-05-27,2368,300,2005-06-02,2,2005-05-27
458,2005-05-27,3350,565,2005-06-06,1,2005-05-27
459,2005-05-27,597,468,2005-05-29,1,2005-05-27
460,2005-05-27,4238,240,2005-05-28,1,2005-05-27
461,2005-05-27,2077,447,2005-06-01,1,2005-05-27
462,2005-05-27,2314,364,2005-06-03,2,2005-05-27
463,2005-05-27,826,21,2005-06-04,1,2005-05-27
464,2005-05-27,1313,193,2005-05-30,2,2005-05-27
465,2005-05-27,20,261,2005-06-02,1,2005-05-27
466,2005-05-27,1786,442,2005-05-29,1,2005-05-27
467,2005-05-27,339,557,2005-06-01,1,2005-05-27
468,2005-05-27,2656,101,2005-06-04,2,2005-05-27
469,2005-05-27,4463,154,2005-06-05,1,2005-05-27
470,2005-05-27,1613,504,2005-06-04,1,2005-05-27
471,2005-05-27,2872,209,2005-05-31,2,2005-05-27
472,2005-05-27,1338,528,2005-05-29,1,2005-05-27
473,2005-05-27,802,105,2005-06-05,1,2005-05-27
474,2005-05-27,1474,274,2005-05-31,1,2005-05-27
475,2005-05-27,2520,159,2005-05-28,1,2005-05-27
476,2005-05-27,2451,543,2005-06-03,1,2005-05-27
477,2005-05-27,2437,161,2005-06-02,2,2005-05-27
478,2005-05-27,424,557,2005-05-31,2,2005-05-27
479,2005-05-27,2060,231,2005-06-05,2,2005-05-27
480,2005-05-27,2108,220,2005-06-04,2,2005-05-27
481,2005-05-27,72,445,2005-05-30,2,2005-05-27
482,2005-05-27,4178,546,2005-06-01,2,2005-05-27
483,2005-05-27,1510,32,2005-05-28,1,2005-05-27
484,2005-05-27,3115,491,2005-05-29,2,2005-05-27
485,2005-05-27,2392,105,2005-05-28,2,2005-05-27
486,2005-05-27,1822,398,2005-05-28,1,2005-05-27
487,2005-05-28,3774,569,2005-05-28,2,2005-05-28
488,2005-05-28,393,168,2005-06-03,2,2005-05-28
489,2005-05-28,1940,476,2005-05-31,2,2005-05-28
490,2005-05-28,3524,95,2005-05-30,2,2005-05-28
491,2005-05-28,1326,196,2005-05-29,2,2005-05-28
492,2005-05-28,1999,228,2005-05-28,1,2005-05-28
493,2005-05-28,184,501,2005-05-30,1,2005-05-28
494,2005-05-28,1850,64,2005-06-02,1,2005-05-28
495,2005-05-28,1007,526,2005-05-29,1,2005-05-28
496,2005-05-28,1785,56,2005-06-04,1,2005-05-28
497,2005-05-28,2636,20,2005-06-03,2,2005-05-28
498,2005-05-28,458,287,2005-05-30,2,2005-05-28
499,2005-05-28,2381,199,2005-06-05,2,2005-05-28
500,2005-05-28,4500,145,2005-05-31,1,2005-05-28
501,2005-05-28,601,162,2005-05-30,2,2005-05-28
502,2005-05-28,3131,179,2005-05-31,2,2005-05-28
503,2005-05-28,3005,288,2005-05-28,2,2005-05-28
504,2005-05-28,2086,170,2005-05-30,1,2005-05-28
505,2005-05-28,71,111,2005-05-29,1,2005-05-28
506,2005-05-28,667,469,2005-06-05,1,2005-05-28
507,2005-05-28,3621,421,2005-06-02,2,2005-05-28
508,2005-05-28,4179,434,2005-06-05,1,2005-05-28
509,2005-05-28,3416,147,2005-05-31,1,2005-05-28
510,2005-05-28,4338,113,2005-05-30,2,2005-05-28
511,2005-05-28,3827,296,2005-06-03,1,2005-05-28
512,2005-05-28,2176,231,2005-06-05,2,2005-05-28
513,2005-05-28,225,489,2005-05-29,1,2005-05-28
514,2005-05-28,1697,597,2005-06-05,2,2005-05-28
515,2005-05-28,3369,110,2005-06-04,2,2005-05-28
516,2005-05-28,4357,400,2005-06-04,1,2005-05-28
517,2005-05-28,234,403,2005-05-29,1,2005-05-28
518,2005-05-28,4087,480,2005-05-30,1,2005-05-28
519,2005-05-28,3564,245,2005-06-03,1,2005-05-28
520,2005-05-28,3845,161,2005-06-04,1,2005-05-28
521,2005-05-28,2397,374,2005-05-28,1,2005-05-28
522,2005-05-28,3195,382,2005-05-31,1,2005-05-28
523,2005-05-28,1905,138,2005-05-31,2,2005-05-28
524,2005-05-28,1962,223,2005-05-31,1,2005-05-28
525,2005-05-28,1817,14,2005-06-06,1,2005-05-28
526,2005-05-28,1387,408,2005-05-30,1,2005-05-28
527,2005-05-28,266,169,2005-06-02,1,2005-05-28
528,2005-05-28,1655,359,2005-06-03,2,2005-05-28
529,2005-05-28,2624,469,2005-05-30,1,2005-05-28
530,2005-05-28,3332,312,2005-06-01,2,2005-05-28
531,2005-05-28,1113,589,2005-05-29,2,2005-05-28
532,2005-05-28,2793,120,2005-06-02,1,2005-05-28
533,2005-05-28,4306,528,2005-06-01,2,2005-05-28
534,2005-05-28,992,184,2005-06-06,1,2005-05-28
535,2005-05-28,4209,307,2005-05-31,1,2005-05-28
536,2005-05-28,2962,514,2005-06-03,2,2005-05-28
537,2005-05-28,3095,315,2005-06-05,2,2005-05-28
538,2005-05-28,2262,110,2005-06-02,2,2005-05-28
539,2005-05-28,3427,161,2005-05-30,1,2005-05-28
540,2005-05-28,3321,119,2005-06-06,1,2005-05-28
541,2005-05-28,1662,535,2005-06-02,2,2005-05-28
542,2005-05-28,4444,261,2005-06-03,1,2005-05-28
543,2005-05-28,530,493,2005-06-06,2,2005-05-28
544,2005-05-28,2964,311,2005-06-06,1,2005-05-28
545,2005-05-28,1086,54,2005-06-04,2,2005-05-28
546,2005-05-28,487,20,2005-06-01,1,2005-05-28
547,2005-05-28,2065,506,2005-06-06,2,2005-05-28
548,2005-05-28,3704,450,2005-06-05,2,2005-05-28
549,2005-05-28,1818,159,2005-06-02,1,2005-05-28
550,2005-05-28,3632,432,2005-06-06,2,2005-05-28
551,2005-05-28,3119,315,2005-06-02,2,2005-05-28
552,2005-05-28,23,106,2005-06-04,2,2005-05-28
553,2005-05-28,1349,176,2005-06-02,2,2005-05-28
554,2005-05-28,1951,376,2005-05-31,2,2005-05-28
555,2005-05-28,4397,55,2005-05-30,2,2005-05-28
556,2005-05-28,1814,22,2005-06-06,2,2005-05-28
557,2005-05-28,158,444,2005-06-03,2,2005-05-28
558,2005-05-28,4163,442,2005-06-06,1,2005-05-28
559,2005-05-28,1227,572,2005-06-05,2,2005-05-28
560,2005-05-28,644,463,2005-06-04,2,2005-05-28
561,2005-05-28,928,77,2005-06-05,1,2005-05-28
562,2005-05-28,3390,102,2005-06-02,2,2005-05-28
563,2005-05-28,53,324,2005-06-06,1,2005-05-28
564,2005-05-28,2973,282,2005-05-29,1,2005-05-28
565,2005-05-28,1494,288,2005-06-01,1,2005-05-28
566,2005-05-28,4330,253,2005-06-05,1,2005-05-28
567,2005-05-28,3308,184,2005-06-01,2,2005-05-28
568,2005-05-28,2232,155,2005-05-31,1,2005-05-28
569,2005-05-28,4534,56,2005-06-03,2,2005-05-28
570,2005-05-28,1122,21,2005-05-30,1,2005-05-28
571,2005-05-28,4250,516,2005-06-05,1,2005-05-28
572,2005-05-28,1899,337,2005-06-02,2,2005-05-28
573,2005-05-28,4020,1,2005-06-03,1,2005-05-28
574,2005-05-28,3883,76,2005-06-04,1,2005-05-28
575,2005-05-28,4451,142,2005-06-05,1,2005-05-28
576,2005-05-28,1866,588,2005-06-04,2,2005-05-28
577,2005-05-28,375,6,2005-06-01,2,2005-05-28
578,2005-05-28,2938,173,2005-06-02,1,2005-05-28
579,2005-05-28,3481,181,2005-06-02,1,2005-05-28
580,2005-05-28,3515,17,2005-06-01,2,2005-05-28
581,2005-05-28,1380,186,2005-06-04,2,2005-05-28
582,2005-05-28,4579,198,2005-05-29,1,2005-05-28
583,2005-05-28,2679,386,2005-06-04,2,2005-05-28
584,2005-05-28,1833,69,2005-06-01,1,2005-05-28
585,2005-05-28,3544,490,2005-06-03,2,2005-05-28
586,2005-05-28,898,77,2005-05-29,1,2005-05-28
587,2005-05-28,1413,64,2005-05-30,2,2005-05-28
588,2005-05-28,95,89,2005-05-29,2,2005-05-28
589,2005-05-28,4231,308,2005-06-03,2,2005-05-28
590,2005-05-28,473,462,2005-06-02,1,2005-05-28
591,2005-05-28,377,19,2005-05-29,2,2005-05-28
592,2005-05-28,638,244,2005-05-29,1,2005-05-28
593,2005-05-28,1810,16,2005-05-30,2,2005-05-28
594,2005-05-28,2766,538,2005-05-30,1,2005-05-28
595,2005-05-28,595,294,2005-06-05,1,2005-05-28
596,2005-05-28,821,589,2005-05-29,1,2005-05-28
597,2005-05-28,4469,249,2005-06-06,2,2005-05-28
598,2005-05-28,599,159,2005-06-03,2,2005-05-28
599,2005-05-28,4136,393,2005-06-01,2,2005-05-28
600,2005-05-28,1567,332,2005-06-03,2,2005-05-28
601,2005-05-28,3225,429,2005-06-04,1,2005-05-28
602,2005-05-28,1300,590,2005-06-05,2,2005-05-28
603,2005-05-28,3248,537,2005-05-29,1,2005-05-28
604,2005-05-28,1585,426,2005-06-03,2,2005-05-28
605,2005-05-28,4232,501,2005-06-01,2,2005-05-28
606,2005-05-28,3509,299,2005-06-04,2,2005-05-28
607,2005-05-28,2561,554,2005-05-30,2,2005-05-28
608,2005-05-28,4254,494,2005-06-04,2,2005-05-28
609,2005-05-28,2944,150,2005-06-05,2,2005-05-28
610,2005-05-28,3642,500,2005-06-02,2,2005-05-28
611,2005-05-28,1230,580,2005-05-31,2,2005-05-28
612,2005-05-28,2180,161,2005-05-30,2,2005-05-28
613,2005-05-28,270,595,2005-06-02,1,2005-05-28
614,2005-05-28,280,307,2005-06-04,2,2005-05-28
615,2005-05-28,3397,533,2005-06-03,2,2005-05-28
616,2005-05-28,989,471,2005-06-02,1,2005-05-28
617,2005-05-28,4142,372,2005-05-31,2,2005-05-28
618,2005-05-28,4445,248,2005-06-01,1,2005-05-28
619,2005-05-28,2482,407,2005-06-06,2,2005-05-28
620,2005-05-28,2444,321,2005-06-04,1,2005-05-28
621,2005-05-28,1144,239,2005-05-30,1,2005-05-28
622,2005-05-28,2363,109,2005-06-04,1,2005-05-28
623,2005-05-28,1222,495,2005-05-30,1,2005-05-28
624,2005-05-28,3660,569,2005-06-06,1,2005-05-28
625,2005-05-28,2889,596,2005-06-01,1,2005-05-28
626,2005-05-28,452,584,2005-06-01,2,2005-05-28
627,2005-05-28,425,241,2005-06-04,2,2005-05-28
628,2005-05-28,2513,173,2005-06-06,2,2005-05-28
629,2005-05-28,1527,94,2005-06-02,2,2005-05-28
630,2005-05-28,1254,417,2005-06-05,2,2005-05-28
631,2005-05-28,2465,503,2005-06-03,2,2005-05-28
632,2005-05-28,1287,442,2005-06-03,1,2005-05-28
633,2005-05-28,58,360,2005-06-03,2,2005-05-28
634,2005-05-28,2630,428,2005-06-05,2,2005-05-28
635,2005-05-28,1648,42,2005-06-06,1,2005-05-28
636,2005-05-28,4213,239,2005-06-04,1,2005-05-28
637,2005-05-28,1581,250,2005-05-29,2,2005-05-28
638,2005-05-28,2685,372,2005-06-02,2,2005-05-28
639,2005-05-28,4204,198,2005-05-29,1,2005-05-28
640,2005-05-28,495,465,2005-05-30,1,2005-05-28
641,2005-05-28,3548,396,2005-06-04,1,2005-05-28
642,2005-05-28,140,157,2005-06-01,2,2005-05-28
643,2005-05-28,3105,240,2005-05-31,2,2005-05-28
644,2005-05-28,4304,316,2005-06-04,1,2005-05-28
645,2005-05-28,3128,505,2005-06-05,1,2005-05-28
646,2005-05-28,1922,185,2005-05-31,2,2005-05-28
647,2005-05-28,3435,569,2005-06-01,1,2005-05-28
648,2005-05-28,3476,253,2005-06-03,2,2005-05-28
649,2005-05-28,1781,197,2005-06-05,1,2005-05-28
650,2005-05-28,4384,281,2005-05-29,1,2005-05-28
651,2005-05-28,739,266,2005-05-30,1,2005-05-28
652,2005-05-28,1201,43,2005-05-29,2,2005-05-28
653,2005-05-28,126,327,2005-06-04,2,2005-05-28
654,2005-05-28,2312,23,2005-05-30,2,2005-05-28
655,2005-05-28,331,287,2005-05-31,2,2005-05-28
656,2005-05-28,2846,437,2005-05-30,1,2005-05-28
657,2005-05-28,848,65,2005-06-01,1,2005-05-28
658,2005-05-28,3226,103,2005-06-06,2,2005-05-28
659,2005-05-28,1382,207,2005-05-31,2,2005-05-28
660,2005-05-28,1414,578,2005-05-30,1,2005-05-28
661,2005-05-28,2247,51,2005-06-02,2,2005-05-28
662,2005-05-28,2968,166,2005-06-01,2,2005-05-28
663,2005-05-28,3997,176,2005-06-02,2,2005-05-28
664,2005-05-28,87,523,2005-06-02,2,2005-05-28
665,2005-05-28,1012,415,2005-05-29,1,2005-05-28
666,2005-05-28,3075,437,2005-06-05,2,2005-05-28
667,2005-05-28,797,596,2005-05-31,1,2005-05-28
668,2005-05-28,3528,484,2005-05-29,1,2005-05-28
669,2005-05-28,3677,313,2005-06-03,1,2005-05-28
670,2005-05-28,227,201,2005-06-06,2,2005-05-28
671,2005-05-28,1027,14,2005-06-03,2,2005-05-28
672,2005-05-28,697,306,2005-06-06,2,2005-05-28
673,2005-05-28,1769,468,2005-06-01,1,2005-05-28
674,2005-05-28,1150,87,2005-06-01,2,2005-05-28
675,2005-05-28,1273,338,2005-06-01,2,2005-05-28
676,2005-05-28,2329,490,2005-05-29,2,2005-05-28
677,2005-05-28,4558,194,2005-06-05,2,2005-05-28
678,2005-05-28,3741,269,2005-06-03,2,2005-05-28
679,2005-05-28,907,526,2005-06-06,2,2005-05-28
680,2005-05-28,4147,482,2005-06-02,2,2005-05-28
681,2005-05-28,3346,531,2005-06-01,1,2005-05-28
682,2005-05-28,3160,148,2005-05-29,2,2005-05-28
683,2005-05-29,2038,197,2005-06-02,1,2005-05-29
684,2005-05-29,3242,461,2005-06-04,2,2005-05-29
685,2005-05-29,1385,172,2005-06-05,2,2005-05-29
686,2005-05-29,2441,411,2005-05-30,1,2005-05-29
687,2005-05-29,1731,250,2005-05-31,1,2005-05-29
688,2005-05-29,4135,162,2005-06-02,1,2005-05-29
689,2005-05-29,742,571,2005-06-03,2,2005-05-29
690,2005-05-29,2646,85,2005-06-06,1,2005-05-29
691,2005-05-29,4034,433,2005-06-07,1,2005-05-29
692,2005-05-29,800,18,2005-06-02,2,2005-05-29
693,2005-05-29,635,190,2005-06-03,2,2005-05-29
694,2005-05-29,592,399,2005-06-05,1,2005-05-29
695,2005-05-29,4276,528,2005-06-03,1,2005-05-29
696,2005-05-29,2076,19,2005-06-01,1,2005-05-29
697,2005-05-29,3949,387,2005-06-04,2,2005-05-29
698,2005-05-29,1412,109,2005-06-01,1,2005-05-29
699,2005-05-29,130,246,2005-06-04,2,2005-05-29
700,2005-05-29,500,117,2005-05-30,1,2005-05-29
701,2005-05-29,372,112,2005-06-03,1,2005-05-29
702,2005-05-29,2556,475,2005-05-30,2,2005-05-29
703,2005-05-29,1123,269,2005-06-03,2,2005-05-29
704,2005-05-29,2628,330,2005-06-06,2,2005-05-29
705,2005-05-29,2809,257,2005-05-30,1,2005-05-29
706,2005-05-29,2278,60,2005-06-04,1,2005-05-29
707,2005-05-29,819,252,2005-05-30,1,2005-05-29
708,2005-05-29,3133,127,2005-05-31,2,2005-05-29
709,2005-05-29,2459,479,2005-06-06,1,2005-05-29
710,2005-05-29,194,518,2005-06-03,1,2005-05-29
711,2005-05-29,4581,215,2005-05-31,2,2005-05-29
712,2005-05-29,4191,313,2005-05-30,2,2005-05-29
713,2005-05-29,3664,507,2005-06-07,1,2005-05-29
714,2005-05-29,2010,452,2005-06-01,2,2005-05-29
715,2005-05-29,2030,545,2005-06-05,1,2005-05-29
716,2005-05-29,85,36,2005-06-01,2,2005-05-29
717,2005-05-29,1383,412,2005-05-30,2,2005-05-29
718,2005-05-29,1736,498,2005-06-02,1,2005-05-29
719,2005-05-29,267,245,2005-06-01,2,2005-05-29
720,2005-05-29,3687,480,2005-06-06,2,2005-05-29
721,2005-05-29,1116,44,2005-05-31,1,2005-05-29
722,2005-05-29,4540,259,2005-06-06,1,2005-05-29
723,2005-05-29,3407,309,2005-05-30,1,2005-05-29
724,2005-05-29,3770,416,2005-06-05,2,2005-05-29
725,2005-05-29,4088,245,2005-06-03,2,2005-05-29
726,2005-05-29,933,452,2005-06-05,2,2005-05-29
727,2005-05-29,1629,484,2005-05-30,1,2005-05-29
728,2005-05-29,242,551,2005-06-03,1,2005-05-29
729,2005-05-29,1688,323,2005-06-04,2,2005-05-29
730,2005-05-29,3473,197,2005-06-06,1,2005-05-29
731,2005-05-29,4124,5,2005-05-30,1,2005-05-29
732,2005-05-29,2530,447,2005-05-30,2,2005-05-29
733,2005-05-29,2951,363,2005-06-05,1,2005-05-29
734,2005-05-29,3084,538,2005-06-03,2,2005-05-29
735,2005-05-29,3421,454,2005-06-07,1,2005-05-29
736,2005-05-29,3689,276,2005-06-05,2,2005-05-29
737,2005-05-29,769,589,2005-06-04,2,2005-05-29
738,2005-05-29,2284,256,2005-06-06,2,2005-05-29
739,2005-05-29,1183,84,2005-06-06,2,2005-05-29
740,2005-05-29,600,89,2005-06-04,2,2005-05-29
741,2005-05-29,3189,495,2005-06-04,1,2005-05-29
742,2005-05-29,273,483,2005-06-05,1,2005-05-29
743,2005-05-29,2528,548,2005-06-06,2,2005-05-29
744,2005-05-29,3722,420,2005-06-01,2,2005-05-29
745,2005-05-29,581,152,2005-06-01,1,2005-05-29
746,2005-05-29,4272,130,2005-06-02,2,2005-05-29
747,2005-05-29,1993,291,2005-06-05,1,2005-05-29
748,2005-05-29,2803,7,2005-06-03,1,2005-05-29
749,2005-05-29,1146,375,2005-05-31,2,2005-05-29
750,2005-05-29,730,269,2005-05-30,1,2005-05-29
751,2005-05-29,2711,53,2005-06-02,1,2005-05-29
752,2005-05-29,1720,126,2005-06-04,1,2005-05-29
753,2005-05-29,1021,135,2005-06-05,2,2005-05-29
754,2005-05-29,734,281,2005-06-04,2,2005-05-29
755,2005-05-29,3090,576,2005-06-01,2,2005-05-29
756,2005-05-29,3152,201,2005-06-04,1,2005-05-29
757,2005-05-29,1067,435,2005-06-07,1,2005-05-29
758,2005-05-29,1191,563,2005-06-01,2,2005-05-29
759,2005-05-29,2367,179,2005-06-07,2,2005-05-29
760,2005-05-29,3250,77,2005-06-02,1,2005-05-29
761,2005-05-29,2342,58,2005-06-03,2,2005-05-29
762,2005-05-29,3683,146,2005-06-06,1,2005-05-29
763,2005-05-29,2022,50,2005-05-31,1,2005-05-29
764,2005-05-29,1069,149,2005-05-31,1,2005-05-29
765,2005-05-29,515,69,2005-06-02,1,2005-05-29
766,2005-05-29,2154,383,2005-06-06,1,2005-05-29
767,2005-05-29,687,67,2005-06-02,2,2005-05-29
768,2005-05-29,2895,566,2005-06-07,2,2005-05-29
769,2005-05-29,1523,575,2005-06-01,1,2005-05-29
770,2005-05-29,2491,405,2005-06-07,2,2005-05-29
771,2005-05-29,353,476,2005-06-01,2,2005-05-29
772,2005-05-29,3319,556,2005-06-06,1,2005-05-29
773,2005-05-29,245,563,2005-06-07,1,2005-05-29
774,2005-05-29,1188,575,2005-06-01,1,2005-05-29
775,2005-05-29,1197,124,2005-05-30,2,2005-05-29
776,2005-05-29,4339,113,2005-06-03,1,2005-05-29
777,2005-05-29,451,360,2005-06-03,2,2005-05-29
778,2005-05-29,1816,535,2005-06-05,1,2005-05-29
779,2005-05-29,533,105,2005-06-06,1,2005-05-29
780,2005-05-29,1919,300,2005-06-06,1,2005-05-29
781,2005-05-29,88,313,2005-05-30,1,2005-05-29
782,2005-05-29,2255,596,2005-06-02,2,2005-05-29
783,2005-05-29,3046,53,2005-06-06,2,2005-05-29
784,2005-05-29,2936,352,2005-06-01,2,2005-05-29
785,2005-05-29,39,72,2005-05-30,1,2005-05-29
786,2005-05-29,2637,439,2005-06-07,2,2005-05-29
787,2005-05-29,3919,27,2005-06-07,2,2005-05-29
788,2005-05-29,763,562,2005-05-31,1,2005-05-29
789,2005-05-29,708,553,2005-06-06,1,2005-05-29
790,2005-05-29,2858,593,2005-06-02,2,2005-05-29
791,2005-05-29,1554,284,2005-06-01,1,2005-05-29
792,2005-05-29,2841,261,2005-05-31,1,2005-05-29
793,2005-05-29,379,528,2005-06-06,2,2005-05-29
794,2005-05-29,1995,50,2005-06-05,1,2005-05-29
795,2005-05-29,609,551,2005-06-01,2,2005-05-29
796,2005-05-29,2697,26,2005-06-03,2,2005-05-29
797,2005-05-29,1446,244,2005-06-03,1,2005-05-29
798,2005-05-29,1102,134,2005-06-01,2,2005-05-29
799,2005-05-29,1713,429,2005-06-05,1,2005-05-29
800,2005-05-29,441,472,2005-05-30,1,2005-05-29
801,2005-05-29,1642,402,2005-06-04,2,2005-05-29
802,2005-05-29,785,350,2005-05-31,2,2005-05-29
803,2005-05-29,1602,32,2005-05-30,2,2005-05-29
804,2005-05-29,3909,171,2005-06-06,1,2005-05-29
805,2005-05-29,3132,232,2005-06-07,2,2005-05-29
806,2005-05-29,2386,435,2005-05-31,2,2005-05-29
807,2005-05-29,2195,235,2005-06-03,2,2005-05-29
808,2005-05-29,1928,104,2005-06-06,2,2005-05-29
809,2005-05-29,2114,222,2005-06-05,2,2005-05-29
810,2005-05-29,2533,346,2005-06-04,2,2005-05-29
811,2005-05-29,4419,401,2005-06-02,2,2005-05-29
812,2005-05-29,1099,225,2005-05-30,2,2005-05-29
813,2005-05-29,4554,344,2005-06-05,1,2005-05-29
814,2005-05-29,1572,134,2005-06-07,1,2005-05-29
815,2005-05-29,3757,14,2005-06-03,1,2005-05-29
816,2005-05-29,630,474,2005-06-06,2,2005-05-29
817,2005-05-29,186,554,2005-05-31,1,2005-05-29
818,2005-05-29,4106,321,2005-06-02,2,2005-05-29
819,2005-05-29,623,511,2005-06-02,2,2005-05-29
820,2005-05-29,2584,22,2005-06-07,2,2005-05-29
821,2005-05-29,3380,348,2005-06-04,1,2005-05-29
822,2005-05-29,2634,480,2005-06-07,1,2005-05-29
823,2005-05-29,3249,441,2005-05-30,1,2005-05-29
824,2005-05-29,3518,357,2005-05-31,1,2005-05-29
825,2005-05-29,712,371,2005-06-04,2,2005-05-29
826,2005-05-29,2263,207,2005-06-08,1,2005-05-29
827,2005-05-29,62,573,2005-06-06,1,2005-05-29
828,2005-05-29,2468,217,2005-05-30,1,2005-05-29
829,2005-05-29,1684,371,2005-06-06,1,2005-05-29
830,2005-05-29,3464,3,2005-06-01,1,2005-05-29
831,2005-05-29,3912,509,2005-06-06,1,2005-05-29
832,2005-05-29,1381,159,2005-06-07,2,2005-05-29
833,2005-05-29,2898,417,2005-06-02,1,2005-05-29
834,2005-05-29,3628,84,2005-05-30,2,2005-05-29
835,2005-05-29,299,381,2005-06-02,1,2005-05-29
836,2005-05-29,3140,368,2005-05-31,2,2005-05-29
837,2005-05-30,977,172,2005-06-02,2,2005-05-30
838,2005-05-30,2859,504,2005-06-06,2,2005-05-30
839,2005-05-30,1886,337,2005-06-08,1,2005-05-30
840,2005-05-30,4049,79,2005-05-31,2,2005-05-30
841,2005-05-30,4318,387,2005-06-02,1,2005-05-30
842,2005-05-30,2328,238,2005-06-01,1,2005-05-30
843,2005-05-30,2214,313,2005-05-31,2,2005-05-30
844,2005-05-30,536,429,2005-06-01,1,2005-05-30
845,2005-05-30,2001,72,2005-06-07,1,2005-05-30
846,2005-05-30,938,49,2005-06-01,2,2005-05-30
847,2005-05-30,4387,380,2005-06-06,2,2005-05-30
848,2005-05-30,1363,436,2005-06-05,1,2005-05-30
849,2005-05-30,2424,449,2005-06-07,1,2005-05-30
850,2005-05-30,2390,517,2005-05-31,1,2005-05-30
851,2005-05-30,2780,530,2005-06-06,1,2005-05-30
852,2005-05-30,1622,549,2005-06-01,1,2005-05-30
853,2005-05-30,3693,122,2005-06-01,1,2005-05-30
854,2005-05-30,921,369,2005-06-01,2,2005-05-30
855,2005-05-30,2527,406,2005-06-03,2,2005-05-30
856,2005-05-30,3969,53,2005-06-07,1,2005-05-30
857,2005-05-30,2569,204,2005-06-02,2,2005-05-30
858,2005-05-30,1258,358,2005-06-01,1,2005-05-30
859,2005-05-30,3032,79,2005-06-02,2,2005-05-30
860,2005-05-30,578,276,2005-06-08,1,2005-05-30
861,2005-05-30,3711,502,2005-06-06,1,2005-05-30
862,2005-05-30,1186,328,2005-06-03,1,2005-05-30
863,2005-05-30,3999,379,2005-06-05,2,2005-05-30
864,2005-05-30,2777,544,2005-06-06,1,2005-05-30
865,2005-05-30,3183,154,2005-06-07,2,2005-05-30
866,2005-05-30,2867,8,2005-06-08,1,2005-05-30
867,2005-05-30,3389,99,2005-06-01,1,2005-05-30
868,2005-05-30,3604,28,2005-05-31,1,2005-05-30
869,2005-05-30,3399,296,2005-06-03,2,2005-05-30
870,2005-05-30,2903,391,2005-06-06,1,2005-05-30
871,2005-05-30,4573,303,2005-06-04,2,2005-05-30
872,2005-05-30,3904,548,2005-06-06,1,2005-05-30
873,2005-05-30,4568,375,2005-06-07,2,2005-05-30
874,2005-05-30,363,52,2005-06-01,1,2005-05-30
875,2005-05-30,1428,326,2005-06-06,2,2005-05-30
876,2005-05-30,1471,339,2005-06-07,2,2005-05-30
877,2005-05-30,886,9,2005-06-02,1,2005-05-30
878,2005-05-30,4265,323,2005-06-07,1,2005-05-30
879,2005-05-30,4021,482,2005-06-05,2,2005-05-30
880,2005-05-30,1819,460,2005-06-02,2,2005-05-30
881,2005-05-30,602,242,2005-06-02,1,2005-05-30
882,2005-05-30,3841,477,2005-06-02,1,2005-05-30
883,2005-05-30,2271,399,2005-06-07,2,2005-05-30
884,2005-05-30,4079,17,2005-05-31,1,2005-05-30
885,2005-05-30,646,62,2005-06-03,2,2005-05-30
886,2005-05-30,4356,393,2005-06-01,2,2005-05-30
887,2005-05-30,2727,16,2005-06-01,2,2005-05-30
888,2005-05-30,387,128,2005-06-06,1,2005-05-30
889,2005-05-30,1299,114,2005-05-31,2,2005-05-30
890,2005-05-30,1464,349,2005-06-01,1,2005-05-30
891,2005-05-30,2611,391,2005-06-08,1,2005-05-30
892,2005-05-30,471,274,2005-06-05,1,2005-05-30
893,2005-05-30,3260,502,2005-06-07,2,2005-05-30
894,2005-05-30,1118,400,2005-06-07,1,2005-05-30
895,2005-05-30,2744,192,2005-06-05,1,2005-05-30
896,2005-05-30,2817,207,2005-06-05,2,2005-05-30
897,2005-05-30,1334,432,2005-06-08,1,2005-05-30
898,2005-05-30,3497,384,2005-06-01,2,2005-05-30
899,2005-05-30,1096,156,2005-06-06,2,2005-05-30
900,2005-05-30,3543,586,2005-06-07,1,2005-05-30
901,2005-05-30,760,259,2005-06-02,1,2005-05-30
902,2005-05-30,1514,561,2005-06-07,1,2005-05-30
903,2005-05-30,2423,197,2005-06-03,1,2005-05-30
904,2005-05-30,2466,44,2005-06-05,2,2005-05-30
905,2005-05-30,4372,50,2005-06-06,1,2005-05-30
906,2005-05-30,1862,549,2005-06-07,2,2005-05-30
907,2005-05-30,3320,506,2005-06-02,1,2005-05-30
908,2005-05-30,4427,85,2005-06-03,1,2005-05-30
909,2005-05-30,3775,486,2005-06-08,1,2005-05-30
910,2005-05-30,2601,374,2005-06-04,1,2005-05-30
911,2005-05-30,1404,366,2005-06-07,2,2005-05-30
912,2005-05-30,3200,390,2005-05-31,2,2005-05-30
913,2005-05-30,3213,369,2005-06-07,2,2005-05-30
914,2005-05-30,1393,596,2005-06-04,2,2005-05-30
915,2005-05-30,1859,115,2005-06-02,1,2005-05-30
916,2005-05-30,1290,6,2005-05-31,1,2005-05-30
917,2005-05-30,3629,385,2005-06-02,1,2005-05-30
918,2005-05-30,818,197,2005-05-31,2,2005-05-30
919,2005-05-30,4052,374,2005-06-02,2,2005-05-30
920,2005-05-30,3860,584,2005-06-02,2,2005-05-30
921,2005-05-30,1827,508,2005-06-03,2,2005-05-30
922,2005-05-30,2442,550,2005-06-08,2,2005-05-30
923,2005-05-30,1884,37,2005-06-05,1,2005-05-30
924,2005-05-30,3279,293,2005-06-04,1,2005-05-30
925,2005-05-30,3203,137,2005-06-02,2,2005-05-30
926,2005-05-30,4327,76,2005-06-01,2,2005-05-30
927,2005-05-30,1158,167,2005-05-31,2,2005-05-30
928,2005-05-30,246,79,2005-06-05,2,2005-05-30
929,2005-05-30,4296,536,2005-06-06,1,2005-05-30
930,2005-05-30,2835,141,2005-06-04,2,2005-05-30
931,2005-05-30,3384,421,2005-05-31,1,2005-05-30
932,2005-05-30,719,198,2005-05-31,2,2005-05-30
933,2005-05-30,3672,66,2005-06-01,1,2005-05-30
934,2005-05-30,3595,60,2005-06-08,2,2005-05-30
935,2005-05-30,2421,256,2005-06-02,1,2005-05-30
936,2005-05-30,901,469,2005-06-07,1,2005-05-30
937,2005-05-30,1054,304,2005-06-05,2,2005-05-30
938,2005-05-30,1521,46,2005-06-04,2,2005-05-30
939,2005-05-30,1314,367,2005-06-01,1,2005-05-30
940,2005-05-30,1278,534,2005-06-01,1,2005-05-30
941,2005-05-30,3630,562,2005-06-01,1,2005-05-30
942,2005-05-30,4279,473,2005-06-08,2,2005-05-30
943,2005-05-30,3737,57,2005-06-06,1,2005-05-30
944,2005-05-30,151,131,2005-06-07,2,2005-05-30
945,2005-05-30,1441,357,2005-06-02,2,2005-05-30
946,2005-05-30,1264,486,2005-06-08,1,2005-05-30
947,2005-05-30,4478,62,2005-06-04,1,2005-05-30
948,2005-05-30,585,245,2005-06-08,2,2005-05-30
949,2005-05-30,2202,368,2005-06-03,1,2005-05-30
950,2005-05-30,491,83,2005-06-01,1,2005-05-30
951,2005-05-30,1395,59,2005-05-31,2,2005-05-30
952,2005-05-30,4389,311,2005-06-02,2,2005-05-30
953,2005-05-30,2194,210,2005-05-31,1,2005-05-30
954,2005-05-30,1231,297,2005-06-08,2,2005-05-30
955,2005-05-30,4140,301,2005-05-31,2,2005-05-30
956,2005-05-30,647,296,2005-06-07,2,2005-05-30
957,2005-05-30,4428,440,2005-06-03,2,2005-05-30
958,2005-05-30,548,186,2005-06-01,2,2005-05-30
959,2005-05-30,3108,535,2005-06-02,2,2005-05-30
960,2005-05-30,1966,445,2005-06-04,2,2005-05-30
961,2005-05-30,3293,588,2005-06-04,2,2005-05-30
962,2005-05-30,4535,520,2005-06-05,1,2005-05-30
963,2005-05-30,1921,225,2005-06-07,2,2005-05-30
964,2005-05-30,657,287,2005-06-04,2,2005-05-30
965,2005-05-30,3363,502,2005-05-31,2,2005-05-30
966,2005-05-30,1294,496,2005-05-31,1,2005-05-30
967,2005-05-30,1954,330,2005-06-09,2,2005-05-30
968,2005-05-30,119,576,2005-05-31,2,2005-05-30
969,2005-05-30,443,551,2005-05-31,1,2005-05-30
970,2005-05-30,1520,307,2005-06-09,1,2005-05-30
971,2005-05-30,2911,561,2005-06-06,1,2005-05-30
972,2005-05-30,2,411,2005-06-06,1,2005-05-30
973,2005-05-30,1914,473,2005-06-08,2,2005-05-30
974,2005-05-30,2617,596,2005-06-08,2,2005-05-30
975,2005-05-30,3109,7,2005-06-03,2,2005-05-30
976,2005-05-30,2290,581,2005-06-06,2,2005-05-30
977,2005-05-30,2029,394,2005-06-04,2,2005-05-30
978,2005-05-30,407,154,2005-06-07,1,2005-05-30
979,2005-05-30,3917,279,2005-06-08,2,2005-05-30
980,2005-05-30,4169,273,2005-06-01,1,2005-05-30
981,2005-05-30,2913,326,2005-06-01,2,2005-05-30
982,2005-05-30,3560,524,2005-06-02,1,2005-05-30
983,2005-05-30,63,115,2005-06-02,1,2005-05-30
984,2005-05-30,2305,262,2005-06-01,2,2005-05-30
985,2005-05-30,1573,564,2005-06-04,1,2005-05-30
986,2005-05-30,4045,253,2005-06-01,1,2005-05-30
987,2005-05-30,390,11,2005-06-07,1,2005-05-30
988,2005-05-30,1364,12,2005-06-07,1,2005-05-30
989,2005-05-30,4388,83,2005-06-03,2,2005-05-30
990,2005-05-30,4171,311,2005-06-06,2,2005-05-30
991,2005-05-30,2863,593,2005-06-07,1,2005-05-30
992,2005-05-30,3572,123,2005-06-05,1,2005-05-30
993,2005-05-30,2080,513,2005-06-04,1,2005-05-30
994,2005-05-30,2798,472,2005-06-04,2,2005-05-30
995,2005-05-31,17,150,2005-06-06,2,2005-05-31
996,2005-05-31,2075,331,2005-05-31,2,2005-05-31
997,2005-05-31,4243,216,2005-06-02,2,2005-05-31
998,2005-05-31,3395,389,2005-06-01,1,2005-05-31
999,2005-05-31,4433,413,2005-06-03,2,2005-05-31
1000,2005-05-31,1774,332,2005-06-08,2,2005-05-31
1001,2005-05-31,1498,64,2005-06-06,2,2005-05-31
